"PC1","PC2","PC3","PC4","PC5","PC6","PC7","PC8","PC9","PC10","PC11","PC12","PC13","PC14","PC15","PC16","PC17","PC18","PC19","PC20","PC21","PC22","PC23","PC24","PC25","PC26","PC27","PC28","PC29","PC30","PC31","PC32","PC33","PC34","PC35","PC36","PC37","PC38","PC39","PC40","PC41","PC42","PC43","PC44","PC45","PC46","PC47","PC48","PC49","PC50","PC51","PC52","PC53","PC54","PC55","PC56","PC57","PC58","PC59","PC60"
-39.2108124704173,33.2894755531485,-28.7193213821533,17.2652639571917,-25.5930037656854,2.17087134437738,-21.7786258194172,20.4348876600788,-16.199703341157,10.2658289692088,-1.20766509063081,3.53967677550596,-0.705209891141811,8.39784885248745,-14.1246107288738,11.523060364756,-2.1523924087557,-5.94032896103163,5.37992938772914,4.50315514586084,-12.7117196507704,18.152665736634,11.8564684845345,-1.47334497685456,-4.06141926727111,-3.16227670187137,-2.6505334433831,5.77452927911965,2.69565486700999,4.29372916087108,-3.10094287363077,-2.72862133035468,-9.02419009434624,-6.34449481120239,6.22735620999088,-1.76392867727151,-2.68176682244738,-1.45192626482613,-2.95781601770479,2.65950720909454,1.90383836028736,0.659618894239069,1.40700413610065,1.88968900655496,-1.3223407905984,-1.38071854312217,-1.68085621917018,1.45330120098942,1.12937046682543,0.223825395051125,0.0914709327356448,-0.103399426293433,-1.10121303457035,-0.183971663529275,-0.0453787737368058,-0.604801215961164,0.490367079584537,0.00163645587591989,-0.101529485873057,-9.85409670528625e-15
-12.0476382115661,4.90267158422286,-45.6473283646796,-41.9462185152065,1.587424969322,15.3168146066759,-20.8154249441192,-4.41442579667533,15.1234160376836,-7.8289160849491,19.3836187692768,-3.71468352219433,11.2732868278811,13.5513488634038,6.68087947188414,-0.674812647837594,1.36285909088823,9.06488981218198,2.35429762081716,-4.90394925113408,6.12451695314903,5.24884744850525,-1.99945572384137,-21.3826508885472,7.03610085826368,1.45646713154353,-0.686090269879512,10.1135350768306,2.59259939890101,-5.89058017418654,1.10495591526541,3.52082040512684,-3.09096339746176,5.38265165116679,1.38193707657907,-1.75954779846349,-3.36805264487382,-3.76593165735388,0.441812713331161,0.135092079779212,-1.71234366915891,1.98775515781663,1.44899432693433,-2.78848307745243,-0.57912772954485,-0.603921964382831,0.358938239158098,-0.719825234047152,-0.37808255026071,-0.282892303277196,-0.482960387379076,0.582517096601177,0.826051770609673,1.00062320810841,-0.120387408390634,-0.344727241454566,0.861008275002824,-0.461514808577657,0.367881537923852,-8.2798351508373e-15
-30.0843936838926,-35.2328689524971,-20.0489333507376,-6.10575918256997,-16.1882290192679,-10.0170213543165,-2.4052713067793,-2.87678619415168,-2.50929803362247,-3.47000398019683,3.08236767450618,9.11322361312325,7.68815524524253,17.054432136572,-6.08634034605612,-8.88773710145375,-1.99598911226437,12.0792773277161,-2.47872219404153,-9.20838282522413,-1.81777010142117,-5.35207006992317,-0.392754932067245,7.4512318659605,-4.7201095822952,-4.35378036810232,5.02560100916452,-0.685055079608514,-3.01706255180955,5.6675180821227,2.64909139556385,1.03370621413573,-0.265727539879318,-0.377211190267213,2.92642883842488,-2.04948876470342,2.69056052121713,7.17909890384144,-4.48134172656182,-13.3761911660077,-8.97420890935395,-5.58140080729135,-1.67711959476277,6.03238818972032,3.65104728225276,-1.99484335168105,-4.21043820051939,2.09799266318351,1.21905139210537,-2.21997563451159,-0.351130548787948,3.30457279567568,-1.88816226124998,-0.232162105175403,-0.451711533326502,0.330268657278842,-0.778955838815213,0.928175919492757,0.0833348011530939,-1.44641243426946e-14
-24.2877103638662,-55.9555625666399,-3.06425853583226,-11.5163961937763,-9.16367741882908,-2.83517375397928,-1.00527678963042,-0.0698509192199288,11.8326295242192,-21.3908629500755,-12.7158635986933,5.5069073066491,-22.2610226139185,-12.4273257632706,-0.228511769249197,-1.73801201663911,4.84155496435827,-2.74306761233786,-13.8874371296547,-5.19290478565986,4.16116974219359,12.5949502389717,5.8463844615804,5.12374169631148,1.11333085857253,15.9419589251092,-1.66541302374135,3.24684550971306,9.44175345426546,-4.09205233598771,-7.42569889642426,9.42219299210957,-1.65619932337385,-3.46152774573651,4.25498252809879,-4.42807371709055,-1.25707693897932,-0.525293569311899,-2.13824698315433,-2.32544420281384,-1.57258988671704,-2.59838358033444,-2.59472798635565,-2.03010709143102,0.163573608750838,-1.54640742067331,-0.651930284435148,0.0532850955063335,-0.345572362258497,0.593932532933104,0.0812177236885849,-0.736955424654791,0.780164050168285,0.241479234446415,-0.209761055656167,0.0757107002479695,-0.0516929647172697,0.339778240996932,0.0522964638063904,-4.7198356334377e-14
-31.9393510357295,-11.8204274654782,-21.1119598426257,-4.38548787439055,-18.1846452019026,-2.47382477987231,17.131110824876,5.91368771440127,4.86650073327605,16.3189099109554,0.207094102793831,13.2652678991186,6.13592758699928,-28.4800726305952,-16.9732924615393,-1.8149179927329,0.287588257783377,-5.13128485530628,5.32540531964344,0.107670632836592,-1.59379609187737,3.89704733285861,-5.23805286047026,-14.4563715449641,8.87478317268545,-2.24535009281456,-3.9553772700001,-13.1319938682875,6.84773460995887,-5.65432161544473,5.65006699952499,-0.866965377634917,-1.87749752418652,5.44647579464441,-3.64016474060883,2.88396318071929,-0.578212377885943,4.13961429197497,-2.34466019252566,-3.8518165330262,-3.8905483101113,-1.12219788133206,0.367739809714297,0.915674700967445,-0.219606489923563,2.00078634882492,-0.813806178755006,0.469253900625623,-2.22425899313996,0.0344047314381774,0.647920780944977,0.84095663873594,0.037571222764142,-0.610757671730683,0.0278284139978418,0.781770046703736,0.229048811994506,-0.00789378735483139,-0.0388664879036696,-4.48636353761467e-14
-27.105752737852,-53.3464752608672,-8.53334452158081,0.794605250107763,-11.1453862948558,-6.14831957128362,2.79965122410564,9.08382551145915,15.8112521163345,2.16568789819948,-2.53626355161389,-25.7376535869615,14.7347469705699,-6.33770593072258,11.5853480166065,19.8841942207419,-5.94255736175053,-12.69763194738,1.75349404892906,2.54306919538007,-5.72965748188975,-7.02835070312896,16.5639808634894,-0.503489632615159,-1.30839239371934,-6.93771596518261,0.576865616589984,-0.665387004012795,-7.65241318252127,-3.01173894760257,-4.00106868263586,8.50675908843206,3.85993408933456,2.05523531180359,-4.86856435985859,-4.99710928406559,-2.01140232645401,-0.299822174095317,2.47504079960245,-4.98471046576208,0.167748683006366,-2.51950612873025,-2.63793873483616,0.419315750148884,0.154927808500852,1.36925482334586,-1.01396622321228,0.0781161535766141,0.256842943522053,0.412557845080739,0.313782112996016,-0.238107454084098,-0.0539323390560626,-0.0354196945629196,-0.19226307949776,0.0845024719688342,-0.676256035563112,0.233976590888144,-0.0918454504390923,6.9258834778374e-16
-7.58789122197853,-20.7967503951874,-26.110749216446,-12.097837334137,-15.5725033805851,-18.1204978827165,-10.1670277537461,-7.1484611706084,10.5184804002439,-5.02156657333409,6.6205391079791,-1.39830183461826,-22.5997718197805,3.60444472303476,5.17970103763853,-8.7004983012168,4.19169465803407,-15.692525034735,15.4495734579359,-7.58488351070284,-9.22189089024574,-4.60475955852014,-2.48628801472892,-4.35619870095937,-20.5728746462546,-0.829898124388134,-0.685746359750661,-4.31939490862547,2.97532932545655,-1.02865283613636,-2.81766379290256,-10.5158835675739,3.97497954827738,6.74406311155565,-4.36463509375741,0.284800037593744,2.58847215015115,1.73593815416874,1.64275719957472,4.4157128707193,-0.432258399050021,1.28858136561259,0.69031775329736,1.72359969900517,1.96305523216242,-1.40138977091613,2.06045889155517,-0.6686201415912,1.84383046889109,0.295689925468303,-0.816770962577009,-0.916152499811339,-0.267904012513619,0.060976760734973,0.551260626925049,-0.134453781231865,0.645516393692969,-0.163840166398257,0.182344443068912,-1.69152886142498e-14
-29.6762913004274,-44.8463604511211,-5.95633570357968,-9.58546572721922,1.76169303567991,-1.27332249680954,-9.30717045923261,0.421898537651692,1.79554483330704,-6.86225520804967,0.721944186313566,0.15935718415483,5.17116093468082,-13.0743779436669,-14.5810260485328,-0.350181632058587,-3.75300660571772,-11.073673557927,-3.22855168232736,-11.6249430883599,5.23515542431447,3.05967736291061,-3.71275394506951,14.8672894776222,5.29625319320677,-8.15123267149536,10.4059238568813,16.2550207226066,-5.50757740408473,-0.515835898833507,14.8418981994777,-7.65265917345529,-1.57332178391301,5.25389580162141,1.82710011059351,-0.268580915484707,4.88321141722628,-4.50557156151941,3.85108527381386,3.52923158893607,4.03689036854458,2.4811287652257,0.295639592275348,-0.151668981939871,-0.34945246756109,0.261812522894746,0.484304069129584,-0.261292576004752,0.167792342906816,-0.931018874969601,-0.0881315885452212,-0.023405169171462,0.0633105496901193,-0.285039120781013,0.148503547111611,-0.243903705103316,-0.105305707666761,-0.391108999669196,-0.164934781130645,-2.57992412155961e-14
-27.6034876156596,-25.5306377486335,-26.4411754855161,-16.3315140054353,-25.533886933277,-1.04440830091282,-6.30541124716007,0.816360321324356,-13.0341717448033,10.0058358279209,2.44249577710496,3.69016995910477,-18.5447984379193,3.04371712502123,10.7284692603293,3.92460517889277,11.3188033549493,0.483243814789899,-4.93380959325395,27.239783525226,7.79068490456678,1.2239636092209,-6.33403219022144,1.98802258292023,2.20342746636972,-3.72598114477691,-6.22907237850226,0.402704426380267,-9.69515268951992,5.60085425089794,13.0266744088559,7.33860205116338,5.7155116517717,-0.486138208102924,-1.25733118956233,-0.691722741665641,3.6180568825616,1.26248693081401,0.926574171563882,1.64237540013169,-2.1390566498643,0.567035746114213,-0.960841334429646,-2.7188958198782,1.20906285841478,-0.217890002710208,0.990764945881964,0.834070417359361,-0.854643946290218,-0.0589137121377893,0.0490475909643354,-0.603162333268629,0.754268875156998,-0.1990216213161,0.256635298562161,-0.184510446674322,0.0422902922237419,-0.254243902052592,0.0309093289602878,-2.5358621452698e-14
-32.577168120657,-23.5673808961056,-28.827501759293,-7.25435679614635,-16.9785704834676,-17.7134786903541,-0.873405703404698,9.16199374030394,-1.29908866563639,6.03807025285136,16.3908409258634,-12.3903740622884,-2.34559672224826,-0.695632084673705,4.74150959435836,-3.05237314723317,-11.296168487988,-1.30333650155332,2.48963939213037,-1.21466521705442,-1.76376350403711,-6.82925477165126,-12.6919035048734,8.38608175494394,19.4339940037723,7.26683234495418,6.37072594891696,-3.49462475376018,-0.331921026800109,6.32825393637444,-14.3267947677511,-3.36371971923898,3.61475517114523,-8.64567001987325,3.68145335662746,8.94420252722677,-0.913582590149018,-0.673601237266711,-3.4719922772939,3.8823485209395,0.625144843377475,1.27653194827869,1.49510182031999,-0.0248399819572239,-1.87250516025826,0.18215248100468,0.116656459435447,-0.974502364882403,-0.636313004614158,0.427809746125429,0.501737346888692,0.489087958944143,0.390832821741653,0.156756175667623,-0.131641357588179,-0.368793718741446,-0.000593538223390656,0.168220324601473,-0.146776890360911,-2.26216614884756e-14
-37.0775352069239,-60.5214163995641,-7.74666240492017,14.4102594522138,-20.997562009587,0.782749141558566,27.5387213488236,-2.58894983629602,3.8734998470644,10.7698782173893,-2.40172190770789,-2.45064361030904,-0.0594342229823423,14.7513139098839,1.27861444868047,-8.29576323563275,-0.0856710724468664,15.2999152195251,-5.44528405299902,-16.4926207418652,7.70138254333519,0.482718272166769,13.3187382037343,-0.266140976369302,-0.269209220871224,-5.49863985104622,-9.03732107631688,-9.53412734282742,1.62166149363315,1.68101042582923,4.42965588232595,-1.50353970832487,-3.45115649388081,-4.28750397116717,-0.0103426874526433,-1.47081693314265,1.47220089653414,-0.31963491245991,3.34959300099125,7.63384152911105,6.19374570650256,4.59338664669688,2.77329045555055,-2.77841871380536,-1.83439142839744,2.3791519424076,1.23695985736799,-0.487961437108967,-1.79168788072754,1.43725026560166,0.282277139530968,-1.91999001098356,0.752584439891544,-0.541241831541764,0.0857552708446306,-0.0559724060177739,0.233798050221947,-0.700953255412701,0.145000305676021,-3.3604737915971e-14
-36.2981170511564,-32.6758745294897,-17.3101881668013,-2.32368140773291,-12.7348433220571,2.42857619378468,4.25739753323758,16.8010385012067,5.31997083710205,-3.61253306407259,-18.4346779276073,20.5564219764045,25.5247437253623,5.56176598014568,1.18310190618947,-0.395274390725109,1.36294804487683,3.64990716093153,-4.65780323881282,18.3202737509616,1.69412592654413,-12.131374343629,-7.88727513784807,4.14284288866364,-11.9910167328752,7.17279827758786,0.157867105636809,5.18668014000286,5.67463679308789,-7.72216951645715,-7.19069814979658,-7.44979874047076,-0.636118042190952,1.3678036980433,-1.24211792837425,2.23887757832555,-1.36756295943504,-2.38779357102104,2.3270680821568,1.94765395300747,3.72841549352133,0.65812333341027,0.625147871428419,-1.88914545334904,-0.220438498188375,0.41345479663296,1.32965115313619,-0.748409002216746,0.223895380180827,0.0458374454744289,0.193239396978292,-0.421535982039895,0.138648835424632,0.112722030719854,0.216757109776953,0.152430028613649,-0.222326242489939,-0.226998986728096,-0.145011714454281,-1.47572926101347e-14
-13.0494280658706,-39.0024573588055,-12.7049268125317,-5.77362545109762,28.7374164953707,14.9213340794985,-10.5642675713457,-10.0677696639336,-10.5440650117651,0.615361226333061,-13.2338111656387,-18.2733515416121,-5.37478813071081,1.72166956974803,-3.2918681597826,0.792479698450201,2.06706729689449,9.81621479550767,6.81442723513178,11.2312383656005,-5.61050165048908,-3.63862616229655,3.71720989511671,1.10152899662948,0.107956473140668,0.72322955715528,20.3958778609644,-15.7065725187936,6.79790479182342,-7.36556603698274,7.38464245989153,-1.6426644712561,-5.80282038852226,1.20111003509162,7.54996226968835,-0.234481479966679,-2.54976556693024,-0.524799934199141,-2.74686911946081,1.94015327277879,-0.475430262276772,0.501414157368746,-0.513702565184539,-1.71012010604346,-0.903005233044098,-2.44112601060781,1.92104530932834,0.302305729092654,0.71176582105737,-0.120725324536566,-1.48043135725207,0.4572631351479,0.280253708476927,0.458571223866463,0.00945500130159726,0.453170960496523,-0.34981260570989,-0.0112692864205417,-0.167335428392252,5.03069808033274e-17
-1.07563241745208,-33.8582407092353,-5.34091136109324,10.6641013878185,36.5422310369786,4.183650331076,19.3560002067839,-0.867950310580565,-0.146258720132042,14.0427512203037,10.4990905224256,1.49280862836555,-6.24678519452805,8.72714068668963,6.83260747775242,17.2136241756853,-1.40582909111566,-0.678230478874941,-15.5915867226044,-0.584067043605808,-2.07448565488656,15.0673515586814,0.157721076031108,-3.32849896027019,-3.08430579142326,7.81111645640554,3.87150545083495,3.8904609834111,-2.38463079333327,-6.41888102067258,2.71659461294463,-15.5079952908565,5.38721687266724,-3.01038463318361,-8.14881485593123,7.03043561140581,-1.1113578037546,2.85840238675658,-1.42475359487819,-3.3349197786995,-2.96659415405051,-0.938009607501002,0.51548256938115,1.27296311830824,0.128518345758505,-1.22393059192391,-1.58949876259716,0.00124803137763542,0.683542087629478,1.02320327773192,1.17898281086364,0.690384958805773,0.913315715198265,-0.0553005177704542,-0.644606628838301,-0.106920535331228,0.17230338106444,0.0157319891713297,-0.0891367696034517,3.70536934468646e-15
21.1094665272029,-19.7563601392091,19.9457639860076,4.00851864107632,29.5686601544534,-11.7243325963426,-20.0931535031326,6.18084675849834,12.4980576216374,12.2363268244586,12.6872129902466,2.69154390263756,0.378956866094542,3.87827460683478,-10.4370067273132,1.36461960921543,1.25415109164765,-1.70058366221187,0.6364738210569,4.43978076178137,8.08075956142549,-3.73041997018736,4.39832106937846,2.56817882918279,1.14224089676723,-3.04317998969499,-6.17786953646449,-1.45020815850258,7.32211607285763,1.4072452565731,-1.81255673749973,-0.378869939061634,-1.8119287395022,-3.52602917625629,4.79530547119712,-0.489890161699203,-0.365977289759622,-1.03169344098819,6.23344407704254,3.10293102476006,-3.62572542488524,-9.69880578667802,-1.08936720213052,2.60415631145593,9.22568465415995,1.65599401327981,8.81058752161794,-0.0491014433449288,-3.33271257495071,-0.649036296091477,4.75940889926819,-0.262298942828837,3.48082173230854,-2.80512459905351,-0.0232996448442492,-1.25620181033816,0.39144453974661,2.01409759445341,-1.03807074291584,-2.96576999070375e-14
-20.9185592469201,3.95658837053712,-33.1304096561562,-10.2496304107547,31.3854831301219,36.8942514697092,-8.72695055603573,-11.8565449477425,-15.5628809263271,4.00881862832618,-7.19933628211475,23.3797928676822,1.70279975451126,3.94387351009953,15.9702854771213,-1.51356953137179,-9.34533254525548,-18.9685063088403,2.27318641694962,-9.01326119215957,-5.77604990204768,-8.10696207694747,4.74530996605079,8.3359345400107,9.63809165520813,1.79483351318486,-10.4501128691421,-5.35142867461954,-1.54271155412464,-2.26846454982757,-0.000653618553014264,2.96216760400396,-3.80403270498245,-2.08412038370918,-1.71820596438519,-2.29203922881964,0.914506012943785,1.51374313377534,0.866755048275159,0.768758145485579,-1.8761299371593,1.4233899702816,-0.192313271653501,0.980855761022761,-0.0342836680419333,0.266763352384473,1.41358291041572,0.29977229860076,0.449635235473711,-0.0445486015520415,-0.828259973381903,0.914325354661021,0.2241292717358,0.344907986992411,0.0822014270726779,0.310544797789391,-0.558587089702357,0.0830564658605056,0.173828329538457,-1.02730324247347e-14
16.2108578909445,-2.66849993079677,-1.25982924971867,24.183047774506,21.1806900907515,-27.8367517797799,-8.37567273203829,2.34295100768446,13.5046576107293,4.28708651633042,0.0624015568001519,20.4234352399201,-6.37890572058809,4.97013484466331,-0.910048099796694,-2.84725616603321,-12.208272487642,5.33592009987738,14.187091422611,5.71862354890405,9.38262507849807,3.24394540909681,7.76666784063883,2.23090163743064,5.71248089773241,-5.21078362145951,5.16065101330548,2.13283115401096,-1.09526001107121,-3.86230236850641,-1.77181799754474,6.69075616261049,5.55903956073175,4.89374363082091,-6.93862019274195,-2.09417591251858,-0.982424175765029,3.97695783496601,-9.74986988292333,1.19168197815241,7.84928963883088,2.52911025224387,-2.38729907325613,-2.52464446290485,-2.13976017219387,-4.42240747229128,-1.30257938709636,-1.83606957636432,2.49002239944513,-3.45187699421242,1.5514956058373,-0.583458207459664,0.910936766390491,0.00278543231319743,-1.7430435845792,1.55441307563311,0.512178685302135,-0.109528929371987,0.381680145898224,-1.67405152240452e-14
-12.2884533067801,-2.1214381231897,-28.0882273926624,40.4488324646234,27.5330593680254,6.40460268070143,13.7053342927948,33.2295240832836,-15.6253054293511,-36.7500294981894,21.9306775525135,-6.16282803366867,6.0449228514264,-4.75195701668821,3.61043589231068,-6.95913471272527,11.720253967187,-2.54998657011843,5.67840294665745,2.11052140603063,5.55630502876228,1.16227883159799,0.0177091696674056,0.699953067993401,-1.55481325792774,-2.49872235611322,-5.47455390879469,-5.20755988105227,1.8025664975334,0.0121268064208378,3.111559697388,0.647726691485571,1.09827617374757,-1.09364024714842,0.348911458975526,0.504681917057049,1.47292251527924,1.54611283052993,0.234282091265326,-0.788041155538271,0.500078637109923,0.233939417098817,-0.565163049426521,0.286527127996038,-0.776354733113838,-1.55614191804141,-0.49637118503743,0.806139905057551,0.536926689380601,0.0867574444741693,-0.157152012615147,-0.169293620257174,-0.421612183484555,-0.16323208383125,-0.583810420386592,-0.0211408097612582,0.0541169990899664,0.168060248833487,-0.0747961108072354,-6.14439055190985e-15
-22.179793185845,34.7434278914998,-14.4508426147994,31.8617486539463,-8.4057194719691,26.8155205890257,-0.142329045451992,-11.717628962636,19.4762590822945,-10.1764422728126,-3.60408077851727,-5.92620771162542,-13.2611447625164,1.62100945360332,0.398024792196005,9.90893547360573,-17.3412454156207,5.20419137930592,-8.31568476207804,2.5645919477767,2.94131702696706,2.26948475720804,-16.4972398655515,4.84187042310236,-3.10254319378827,-19.6335669750877,-6.20935496934105,-3.70857241081376,3.49130076262326,-4.80081815237569,-4.47772181437429,1.62518480073314,-4.71506395555768,3.37843529622424,0.936455164399578,5.78112554913546,0.587192140415886,-3.91501929324756,0.465225279393477,-1.97932920439221,-0.0928785448226073,-1.50153298604236,-1.18636523003774,0.96849250067322,0.933587836788197,-1.58001401395515,-0.404137397250295,1.20281007639709,0.0786130823463185,0.141637867042141,0.0444495242577011,-0.692818869558645,-0.552848227116162,-0.798388782791465,0.380688186994903,0.766750020469906,-0.0580445781292703,-0.24101027178715,-0.488728523237307,-2.78770062589473e-14
-12.0370032070865,-56.4648395706005,4.64655221624897,10.4458026952761,19.3204336974299,11.0513313272748,3.19225353793621,-22.3020527960783,-10.1085880378315,-7.8505629615815,-23.0751415400753,-15.6343636575242,0.434667756186862,8.45208143493816,-20.142554321776,-9.60422149251493,1.22436952005263,-4.66363652675335,11.2972000563015,8.06821155930116,2.29193547831276,2.51145084197722,-3.17224154888348,-11.1980049668398,7.1030056002847,-0.634461743920069,-11.0855198924955,9.81419473129179,-2.68480278951506,6.61221291112781,-7.55288383279691,-2.42130655494797,5.50228628832242,-1.19398261605481,-3.77175843767925,2.46760862593952,1.81546898200766,1.28320879504476,0.0937569599805797,-2.06083295245664,0.399257466361907,-0.304406974124691,0.227247557497807,2.41023594808438,-0.481190351377772,1.53929016162629,-1.57680407169768,-0.518277830341917,-0.215962261320278,0.617826938545102,0.245589246587062,-0.348377803126443,-0.176474034393963,-0.0603407387222,-0.277805690133556,-0.495950324463449,-0.100878343269814,0.137558936596335,-0.0125815928265639,2.35887698263326e-14
-24.1843873326581,24.1229731410933,-36.6042004546371,13.8866837742956,9.61409699977919,-1.61461352151438,-21.7916915775295,-6.26843268758399,-16.2744139290047,14.0807937956206,-9.95840731990663,-9.48719012200589,6.93268482352363,-17.4398631986427,5.52921819585398,10.6032328824716,-2.19039119638274,10.9289743708886,6.23066940156414,-14.2036985531657,18.7252941013637,-0.232708577839846,-5.72095625511442,1.50844440200779,-14.9967410446566,9.78641608992952,-0.939613523641259,1.10800608998405,4.23662994749738,9.6252943756156,0.616432000763738,3.98561591670197,3.26384397045289,-1.2321001235188,-5.6752871479156,0.752114939545896,-0.580685771035735,-0.728353862956205,-0.688130890703921,-0.613816304010577,0.136868847406293,-0.253614888886997,0.707784653885498,0.256651713007636,0.538867477803309,-0.626390955255818,0.0561362079863589,0.0777392761412879,-0.713676701626533,0.165347719493251,-0.131107587648064,-0.428837062694173,0.501583197821464,-0.101678964739019,0.268741261004275,-0.353791012962479,-0.0622339146033424,0.113915015320454,0.020551691436753,-9.44730405016969e-15
31.1261283452509,-25.784995943805,15.632052719949,5.74847031433357,20.1079426388911,-17.2575018139863,-8.7507962752684,-5.32930641145989,9.35497090016379,2.56885153352011,14.7167218289037,6.6203549932722,-5.86144049281811,-1.06510727104045,-7.7190446719447,8.24519843959159,-6.44010734957651,-0.909503963477068,0.205235515879757,7.71677231829503,7.24023530083588,-8.49783243982163,3.55027622450187,1.29515477960471,-4.35297721789469,6.66580800060086,-8.6426536342331,-3.505348543082,-0.944991602918022,4.1952783570692,1.55525582641051,-1.55607384747553,-5.03977849209959,3.57575089908834,8.65861365298517,0.360630032760289,-1.03463918254432,-5.42807401694621,0.785355571690282,-4.69269245500063,-1.65906841542795,4.95338846761339,3.45661148620283,0.710335579010599,-6.37305889125807,7.8650380953993,-5.41239191827071,1.03890343416995,1.79176664834062,3.5636148310848,-6.1584639272954,0.0483028081914048,-4.48488045487066,3.71255886013464,2.25069114109356,0.212490580939406,-0.458667700968275,-0.868597480830345,1.0888406447459,-9.27816851126195e-15
12.2641252769222,34.464782242254,-34.6543194325868,9.46003539486329,13.6638737736629,-26.6868283037616,-9.81875629756491,-9.2290996695277,0.904302721814775,1.76930267243151,-0.416599956098325,-11.2752376813902,2.4664525854445,-10.5409503864494,-2.38275305393036,-7.26408177593024,2.76304520786034,19.3703528691955,-7.01727639890214,1.44515431957527,-21.1920475390945,-1.71795909486884,-0.358113469902641,8.59988176851861,3.67090732510759,5.08306000006482,-15.8274104446364,3.39372358581673,-7.1256551737381,-10.3940192893977,1.33287964808992,-4.17566669737208,0.277938604197375,3.10614064052469,-1.18199787867139,-6.84951873915682,3.33936525457755,-0.390500095271953,-2.05074545448534,2.4855052997507,-0.304082577232071,-1.44728258698885,-1.90366044921062,-1.07692030311331,0.164081411807444,1.75513203524106,0.199859151820505,-1.07551811241322,-0.182885964040594,-0.00936684122576155,0.65227300307663,-0.154866149424955,0.13052548434989,0.0734386864100088,-0.441272235241714,0.0215992565304515,1.06244776371378,-0.233379332061307,-0.120621631747911,2.42063313837804e-14
-8.63183207769134,-10.1106766068277,-26.2458096473977,20.3865767542466,29.5391281750636,-13.3775470451856,26.7354392681492,-6.70614554713374,0.266454697637111,7.65860357157085,2.11890149493165,11.6700815506806,-0.700372393144402,-3.16081330550545,1.45482820256032,0.176534553990423,1.51441137092195,-1.31757290773492,-7.04121014488309,-1.21623723211766,-12.7911145317129,0.116130671291792,-11.9054483144646,-12.3187290487689,-4.91309089723251,-4.05161451242076,13.1995229286939,4.76559166756446,-3.12659455417306,11.4405991600352,-6.31263236889838,10.7996832364073,-3.21792564244821,-0.511125447902256,5.10781037168571,-9.75209957777189,3.01798155809394,-2.26360122961297,4.77416936430018,3.35487203041344,1.87900557248274,0.0490627103219012,-0.985330049247281,-1.80290770104864,1.42569191937841,1.50628108101103,1.09287287272466,0.708628651894804,-0.738594504776857,-0.119770518598364,-0.998560237240504,0.167477127822349,-0.635554482790359,0.124709491195536,0.344247815361188,-0.107239751994788,0.0374646667210381,-0.176114539694615,0.136344890061145,8.98586760555986e-15
-44.0423695728226,1.57448889367847,33.1008186618739,-31.8760133910157,8.75430139817504,-2.89454297494779,1.55817427572866,3.47631296901675,-6.75967461819164,-12.4499298829643,3.17716684753278,6.91668705584351,-6.8648392880093,-10.4485436182152,-4.53620820674061,0.14930763782306,-16.4195916714294,9.92825614996305,6.3240704346413,-1.55704211849774,-5.42550528019669,-7.47041843671801,0.400665793668262,-7.37481373661552,-8.98867162071351,-5.35095377717947,-1.8735484246425,4.84193624027284,-6.63506582707453,-4.26041492219309,4.99223499657495,2.16296560500855,0.667436258011738,-17.9067385664987,-1.58488007453978,4.87019771228535,-7.67345797190658,4.31762808644892,3.99847935702112,3.97928959188089,-0.655230934699952,-2.88307946530013,-3.68197184199465,-4.39142627585706,-0.453329898134049,0.0136401006941409,-2.6975996322427,0.175844331999766,0.601550235313696,1.60540247449668,-0.808763122363118,0.555221530990584,-0.0306827594050015,-0.710339999427249,0.12320991335875,-0.196233487656206,0.617133747755197,-0.0817409919521166,0.0310079780907017,-3.16933979060963e-14
-48.2449710356927,52.8204412238132,-4.40401599295114,12.410981268575,-3.35077821552326,7.84201247424419,0.718331229209944,-5.8953310642897,7.95084928378164,0.306235311815861,-1.91716643087384,1.05494791734067,-9.44959363575075,-3.1881917930428,-3.96905766920818,3.99399024540545,20.4180850780974,-2.93848521539522,-4.38620747567323,-2.62956602913611,13.6809070493045,-14.4281546089819,4.51622003306315,-3.28340804600519,3.43532830476062,-3.04751085801182,5.58638634368015,2.8721785178098,-12.3543894497954,-0.594413713262796,-7.54836975668926,-11.1511560556688,-8.57976859429882,-1.96052086023267,0.326561470619083,-5.41368685668974,-5.65023370469538,6.54531652272823,-4.26481928814908,0.591740865035294,-2.50328221219025,-1.86869056033007,-3.80012434273699,-0.956755977051846,-5.77448582435798,1.28816761100651,1.65902770370027,-0.79850676128034,-1.77563694519202,-1.46947131986498,0.890215492093814,-0.816181570357177,0.141735352640454,0.00834887752637795,-0.14594422616687,-0.44935597260384,-0.334583745375565,0.053258630441744,-0.0745029225262345,-4.21034734854331e-14
-46.5671396232444,41.4051692022048,2.71914009875223,-15.5102541494392,0.463076894113014,6.98237956852312,18.9026230286382,-17.6242355748482,22.0404027870626,-8.22134074773008,1.98972249177071,9.72061097168475,6.36837852107485,4.20469604085091,-4.26206462724371,15.6317670395192,16.8650718053427,6.20840201067835,21.0332051395706,-0.454627912487078,-6.08069896115479,8.53609679708699,1.29387442870869,11.3892751410281,2.3828121936359,6.32456410921117,0.569684804504639,-5.68535702354103,-2.45462633966003,5.86160136222772,1.97470365838941,1.80358444242588,4.56574419017918,-3.39079000138127,-0.208341947869375,5.00512375373681,3.52048796738093,-6.7317429700414,3.75233811936279,-0.6630679122467,2.0362017538491,-4.07196675161371,-2.39632234516662,-0.0723689332650616,-1.95734271873308,0.297557187480584,0.92449006837825,-1.66773428259011,0.169218503370717,-0.178606355451091,-0.143979335361891,0.597240304445353,-0.868681676905599,-0.153814100963271,-0.834559904404479,0.48201112828778,-0.165806666556398,0.264579987161004,0.263923397496186,-3.26717819465472e-14
-48.1133253705938,8.07877020726502,35.7512980252883,-24.2284667902067,9.31234979684321,3.44903425894245,-9.16600284049663,12.6279356287804,-8.37432557724705,-4.89141053349493,-3.45792044338659,5.45145213286708,-4.82908476312651,-10.7272793203271,8.19471996759903,1.20138588141988,-1.56513547199892,11.3300545745285,-5.26745455042825,0.657984992045916,-1.68159259695808,-1.13323724921156,11.3074082973802,-8.14642856705685,3.91124177239714,-4.87732001704795,0.754650238728186,-2.62144136483018,-3.90336425795167,7.83927866507699,-8.98513864014091,-7.05933431982045,-3.07404012649957,7.76133872253556,-2.1331975590399,4.63015254460681,15.0663365636747,-3.94537298045413,-2.17337027449096,-3.10943403135115,3.61352337969753,-3.46102667323571,5.70711131428905,-3.09382321059157,3.73857180223143,-2.87923898891925,1.53420373088042,0.463044974474559,1.3859038960789,0.795319058465295,-2.27978210975058,-0.436964124540192,-0.978929566268339,-0.764029595083034,0.489327769644878,-0.824860556096366,-1.19838279025561,0.320448579914833,0.234030294112352,-2.96256075227319e-14
-37.9223182247402,28.8649299868863,22.545776744814,2.74624429630087,0.500917477958521,-16.3277092101901,-21.4164397646334,2.51132140136392,2.79124134592188,-8.26317230834868,-5.15378401994445,-2.17818381930657,10.0509151753885,12.3595898235356,-11.0729094448556,-7.3671187855839,-4.77298247177107,-11.8679649619332,-12.4214203854763,-2.41130315960439,4.90914382432837,9.31358846571502,-8.47453323526654,-4.51395916370865,-2.38938315901489,8.37824207742109,3.54517362460138,-19.1026252844858,-15.9805241541968,-3.54042402186559,1.44117969731602,4.33688526313935,-0.316026074476402,-2.48609836454139,-7.34248637871779,-2.90837320767663,0.783345687459125,-4.61705205402246,0.498212307908063,2.43859488778643,0.790585081218616,-1.7592331211729,2.33633644918629,-0.447538641911351,0.222731818959803,0.135721440102242,0.219989824524268,0.498885029439768,0.419324549521389,0.886856578187816,-0.448222061364656,0.270272087436789,0.150521458774439,-0.213294782066898,0.400960188451094,-0.121549421787873,0.412551588125113,-0.430428866334983,0.189462966467491,-3.31627086902486e-14
-37.8037274689941,34.06474049735,16.6091117362283,-0.00973842616086573,6.61512676989874,-5.87023894066546,-4.59970372773322,-6.32494444680034,-2.18675283151765,15.2688259248667,5.8021556751379,-4.40336781186363,2.39604369319942,2.44252657591448,0.327824502087493,-8.81531321636022,13.3342420387111,-5.23735467182994,-0.347950422620112,1.23814950103483,3.70083044518839,-0.901647111905536,1.60080919256652,5.09146652283978,3.34073456521625,-4.46043635015004,2.73887028024162,1.46439696783984,8.95871588794666,-7.68481241785371,-5.47887574763337,0.701460444559086,1.82100909125704,-2.68002191064041,-2.38442189387165,-0.709867014999025,2.33990150117289,-0.710282980148622,6.77819239779058,-1.39556367653792,1.61829196558175,4.07719851844468,-4.19876354993865,-4.13609915701831,6.01992842437582,-3.73963666157709,-13.2743845742042,4.74404244375117,-2.13556218858005,3.10194322373229,-4.04287554466707,-0.229121585522044,0.356997127566828,-2.9093872593865,3.58646953573479,1.15196338085669,1.31638281833852,0.122564734651668,0.111878935834246,-1.95607419151145e-14
-49.165757305819,38.4528296763037,13.8007611328742,20.4695389521444,-12.0873761006192,10.8995490873065,4.58060461996147,-1.87632381107134,-4.54991564032592,-3.81970777804776,-2.32169443268654,4.06770951216175,-3.69227009001915,-0.221590804353406,-2.75118159401038,6.31181236608882,-4.79079171359003,0.558678342108846,-0.302916092959153,-3.98485443082868,0.919141652171279,-6.10769116545308,3.76586796901889,-6.64469455290503,1.79843591713623,5.91566560713261,1.21679331949687,0.655454118377344,-3.99332938337841,-6.5755497710794,2.06002249226426,-1.50833150373754,20.2859088040512,3.17145072349406,16.4757904907775,-3.68955137793205,-1.83951473000121,-0.032782228365705,-1.11621932202835,-0.575004524437531,1.66827705776448,5.70162805707154,4.50894564828617,2.61450304392165,8.50558239079289,0.724399345604125,1.2781104959354,-0.447180105145038,-0.633430185947793,1.28545281222376,2.07308703448099,1.37013419152661,0.489073788436807,0.436305495730963,0.647009153635091,1.4063900022936,-0.124395609862154,-0.350378652075958,-0.0216572461734583,-4.94062256384264e-14
-54.2351316238427,15.3574419478275,28.4497234053134,-3.8505482764547,3.21336546933783,-11.4638788992867,15.3036509099111,-6.4469157292028,-11.513206414735,9.89222935730196,3.30375289268896,-3.85348850085209,1.25041452567416,0.185688721756055,6.39638798009894,-8.64878835768557,5.46912698689231,-4.59740906898147,2.12226252678433,-0.0154453176612356,3.59486905346041,-0.819137836997293,1.42961652836225,1.29672193367699,-6.44124592461408,-5.79814291711006,1.30703061819908,8.15513085569034,3.61494892736538,-13.2418604794769,-1.46350568371078,9.65736885690139,-0.280404100419138,-2.75353582321104,1.11823537622357,3.87308104976817,5.60365507575285,-9.27226231541788,-8.2104231642894,3.0810204977118,-7.19754736372948,-2.74960264696989,7.13441527704217,6.69521059290045,-6.85340216908029,2.83368979578783,2.00686095929758,1.7611492806604,2.1005258672164,-0.870252476154205,2.67247124120699,0.457631949374023,0.228445221650161,0.852795443906811,-1.53296298179532,0.229327783092156,0.0887258498142183,-0.23475756460073,-0.232749679750348,-5.24909976595822e-14
-55.954875753791,2.71342696310902,44.5518036058252,-10.1696084146018,3.56213382876569,-0.602529257845512,9.95630725917032,5.66983990381178,-5.33855486539048,-3.12092147205527,-1.94824287969025,-1.89232209797094,2.97344812476168,2.29802531156571,9.27998992883994,-1.49307221675792,-7.38103560848792,2.71448599677246,0.529826277108917,1.22646220704662,-1.12968370918436,5.50127908057475,-2.03547884496851,3.47219982201108,2.50998486043856,1.37715854676843,-3.49368477048281,-0.740451142974686,3.9835092353166,11.0646439224261,0.860606569134065,-4.99926176167273,1.91973347608947,16.4397840246699,-0.710188437785891,-6.03857826014298,-11.4310559076632,-1.93811278637868,-1.98752086791641,10.6186072679516,-6.62671473338233,-3.79390525481004,-5.93326893669441,2.08144873800454,-1.63739296545026,-0.15595347521546,-3.75767291533772,4.51915720411825,-1.93398820637112,-1.04687177135543,0.810828202545347,1.01359265237144,-0.60576355822803,-0.0158003598950421,0.220138267795994,0.989811033588787,0.39571799573886,-0.183441550193563,0.0394828252779558,-4.69466045899258e-14
-41.6059294031143,49.2511276831959,8.97208945117956,21.404362978854,-4.03754893023556,0.916777772984898,4.57618972114059,5.75784674850415,14.7304574357008,-2.98027830636849,-2.49681005097996,-8.22898913234536,-7.08847818962321,8.89239022034145,-5.61370563184782,1.66152117173458,-3.33507298916237,-4.37812047233436,-6.087899584485,1.61795985031137,-7.83317811016658,-16.7839638093279,2.15909388732249,-2.61386806708552,6.51001779911896,11.8650425393132,2.00629630836337,7.78501931912069,12.9011096021555,7.33928511185567,13.7379332703329,5.37277732674132,-3.82955725859662,0.353154562807517,-10.0462311259534,1.76070610989297,1.67961792374938,4.49112051398231,-0.163431501054168,0.777003527177221,0.389771593180951,-2.23178419871894,7.124631447269,-1.17827457211345,0.752049251061568,-1.38611397763529,0.172071708884457,0.492127015279026,2.37237409274495,0.659657741278671,-0.950091374504977,0.184950760986186,-0.0966742080515478,0.254495937763335,-0.71192214546522,-0.843903027150862,0.691663802514084,0.22903869134535,0.16851786560622,-1.93560445449492e-14
-49.8662432241459,27.467668683593,26.7487807322514,0.121835218020116,-1.14223948003017,-12.2436433552461,-6.90254672037705,3.58347699919578,-10.2685383910087,2.29195336763179,0.891652081275804,-3.31193018309983,0.00104588752308376,6.15309507369956,1.12824802317022,-2.34041200456091,-4.00876582036025,-0.960050439403444,-6.09214882063779,-1.31617727223167,-3.10354489384081,1.03759551579997,0.876035833643689,-3.87802445382157,-0.673493444955535,2.429645171377,0.264830145710255,0.460685716135215,6.47438612308788,-0.00341475505616173,1.15811017801854,2.53628373552068,0.222969117038502,3.63575949582326,1.76578618577315,6.17118351342922,5.70297625935212,3.04786262775519,6.1153334131483,-6.71327918654734,0.823236564267048,8.91279840929489,-16.7352840945762,2.3679285543581,-6.26287912740302,2.49211076251628,6.94306308564761,-5.27544578157721,-1.73464492100258,-2.21129825409133,0.686698220558343,-0.890585079975926,0.269203537252071,0.751517378342667,-0.324217495457147,0.0255929906899805,-0.553050217343905,-0.40547029064534,-0.241397434525408,-4.24982314964351e-14
-52.0521362986004,14.6177610489865,34.3914538168529,-23.993945972674,7.63139851371377,-13.0435016402592,13.3420592700836,-6.89659689065183,-1.16845492762059,0.651173907247868,3.11764102359758,-8.58199959221441,3.96735549943117,-1.43860538799128,9.9719341326146,-1.26862326947165,-1.34535258592678,-3.44217298195821,6.35444103145275,4.99534969180793,1.71479469592138,9.70700730893527,-10.3725463025282,7.34525129821208,-1.77343926769287,-1.99937216667425,-4.83675476264056,0.2498492843769,2.23050520349631,0.545745637267019,0.430215940475086,-2.70505002307256,-9.72665046546873,-1.66187858821664,2.06392807463356,-8.95690646186926,-6.16506902535752,8.61279962609887,-1.52338757580191,-9.04590336330191,6.81774704576853,5.07458822194651,8.83603937123879,-0.346979662484403,4.58595606024396,0.514752770460008,3.07370500571295,-4.40257941689388,0.757904032161302,-0.803324720323861,0.621033128197641,-1.78502625596249,0.998846094279991,0.779586109339319,-0.515921563775085,-1.58313531419528,-0.469859507088736,0.42471073805788,-0.356978729740616,-4.17582635137137e-14
52.1544676686588,23.5823836769532,-8.96718616843092,-16.3193894878453,-1.47164707416436,-13.0404530511015,0.737901187458982,1.97548515215526,-6.04931829879909,-6.72833308545694,-7.53690097958526,1.85165253418381,-2.93411205767446,2.25425880119065,-1.05979009477392,3.79022394454491,-1.34201733749335,1.90201629142062,0.745821488622432,-1.52689638368054,0.254645932374432,-0.829156491153706,0.312739284033342,0.994056452457146,2.76131464189123,-2.19139704892889,3.3272865254678,-1.35324933078095,0.483134466750288,0.0467339076881325,-1.75994081499335,-1.99220059545059,0.888582110570889,0.540175744919235,-1.54879728601869,-0.402879929278688,-0.16137999491241,1.03177478470239,7.07305226040702,-4.2264771057165,-0.0294928180031228,3.9429500819659,3.15673473336007,-0.466276461659082,-2.7755142251412,1.87523840744725,1.43778872442814,13.360728926576,-2.25018917206174,2.70830816791694,4.86761068186618,-5.16149887271713,1.44986081404689,3.53338917099104,-8.24795594364666,3.54031083521587,2.94654543614892,4.60495303791698,0.652760101613922,-2.03986133540113e-14
48.5439548676622,4.65381444013598,1.98402216744356,-11.0989143779152,-1.24111907562285,-2.38323505717039,6.0928434474683,6.24485975494745,-7.94903380139661,-3.08469484276987,-6.82961155669146,1.91081178808645,-1.1990649582799,3.28767992441989,-1.28848238223252,9.59729448380678,0.796293850098278,1.16100657760865,-1.79353995493438,-3.95886594891034,0.164187120039872,-1.89166311139307,-2.10944821133334,-0.184396644786833,2.20214777881037,-1.700501261447,0.23484787758836,-2.59411697274008,0.137766195533589,-3.06583246824784,-0.670446236878415,2.22383548128772,3.28693911560798,2.79734519693423,2.44896998958169,0.383418890463199,0.815102991679567,2.16810275450997,2.25342674965081,1.72177242643467,-0.121147763552825,-1.95844661531727,2.91742732847872,4.10793042171045,-3.21896850704908,-0.21429561226103,-3.73061713144484,-4.3555566065729,-0.427183942593341,-7.63919274119765,-3.86572225531732,-5.08236130185763,1.58728496401366,-1.10508334764733,4.40048575344564,-7.6273663786053,9.54558255477506,5.51312477598141,0.144842845318299,-2.46122566771589e-14
42.2648890414213,23.1884453979414,-13.7053673258434,-3.4844169805754,2.2353746628303,-26.6146103608881,1.20077842798177,-6.54416056635101,-4.26990674880777,-6.37706481615737,-10.0094113000906,1.09954660503859,5.09506623834404,1.04379144840091,0.158716334738397,2.10803135242172,4.24171232375386,-1.15278507020091,-5.07991970156998,-1.90564084305057,0.813828127447655,5.16552965907362,4.49259485251603,2.82545802512998,2.83649826665275,-6.89447696474786,-0.255126560438309,0.355160929768425,1.35522456496641,1.00699766174423,-2.69802126324341,2.67781165879375,3.72583951340395,4.6190445471952,2.59999681252696,7.11631539933164,-5.63068050438947,7.59423326616374,6.98322856926502,1.08758108283596,-5.65453028794449,1.35827560367301,7.03490078344699,-5.79445262095737,-5.3707635830433,-2.79494681491772,5.31505132938628,0.760154944375823,4.78438916454738,2.34176946940663,0.852734867045737,5.28838433431186,-1.68605125591265,-4.80268610205847,6.96513786250897,0.917780079863316,-3.14699316101977,-0.463462220139507,-0.216629495304089,-3.17025052043451e-14
44.9756526453032,10.7995848143382,1.0144091134223,-0.326408170910969,-10.6896324942176,1.8018985542355,16.7393982711552,3.23701578759504,-13.3623067547319,7.79945721824715,3.91190938077239,-3.74710494724909,-6.16741820922719,5.45394728021869,-5.07878438379958,-3.08547621221948,-6.42755731721172,-3.43837053104886,5.17855087197999,-2.7243324170226,2.6210638885139,-1.79435831959948,-0.752036029442119,1.21717525604167,0.0844092961461922,4.04248300225642,-1.72830986753779,2.49717555490293,0.0772218696889862,-5.93491226067477,0.0402679699022045,-1.55421627254069,2.32286021386956,0.774380626167172,-1.63962813306054,-3.87677234207798,-2.09347598187543,-6.37464193918492,1.24834665816073,-6.09431405452781,3.91044196420979,-7.66229427365292,-1.04182746756845,-8.25047433153361,-1.14222986694493,-5.54599321813759,5.80999854593647,4.37414878185767,-6.35520008107269,-4.85664772285197,-2.90386186061583,1.83586723538882,-7.0655333970437,4.41086013205174,2.3156063055415,-2.74526778207896,-1.96334953892369,-1.94259375849385,-2.57206987970895,-3.42833400557296e-14
53.4745017796086,8.97000006948653,2.20763373678271,-18.3577499059396,-2.0615006916774,-2.43130921577539,4.30972427240394,8.28211233920796,-5.83643132581575,-2.19844206643437,-6.02152627893231,-3.71143005906204,-0.445341760360816,5.38039960437219,-0.613638962124805,8.68735762884318,7.35441790724068,-1.2608471219488,-1.89383094322781,-5.44173352016365,3.22615637044874,1.20578039101161,-4.11447260569287,0.939035808530462,1.19588896364013,-4.11421096560634,-0.251845319712065,0.778834563653838,2.69630575306376,-2.44602143377965,-1.37268973635529,2.63012473821548,-1.13060119098151,0.825721928171894,-1.51207853376574,2.47628675094244,1.78567756251972,6.20463256723555,-6.99695290905532,4.48829089815187,7.76918154164084,-3.38046476962754,-4.78851043212621,1.94033283703579,5.72404162154068,9.94802264389837,2.38102779357542,2.00319953100323,2.54425378100871,3.03337518793242,-6.03870834104169,8.55669422756915,0.28663400759973,3.98901996449566,-0.157013240394544,3.39573916133537,3.67554641273601,-1.40945374748536,-1.81204587674543,-3.5606066706162e-14
44.2057172398859,-4.59587788898703,7.3679317522916,-0.212117951973429,-1.62039853531895,-7.91092129428398,1.38890551612968,-7.63161694146876,-5.75024222924964,-4.04513953300615,-1.57019086392843,-0.746570523791735,6.03142944514418,4.1815021799152,2.33073735126102,3.70315941619302,5.05777312011673,-9.0965032699246,-2.27537365355817,-6.13559401438919,-5.52596459683466,-4.86226037942904,-2.21785115657946,-2.75207252110807,-3.76167048738537,0.0514970116742661,-3.66480463892754,-1.12921084145756,0.0490396231804413,4.48091328148583,4.87882752641744,0.283552909529506,-3.74145861388796,1.29927762437497,6.09303224301932,8.81569998228379,-1.02436671067724,-3.9714362786797,-11.2836097386245,-2.81833091836106,2.38015366444741,-1.52709352427947,-3.50530838349164,-11.6742170194792,3.16506380428241,3.04278248569784,-4.24454605387795,1.30225301705889,0.359287394337826,-3.1846229731432,8.26296815778256,-4.87870409562073,4.54586496251687,-0.477642504287721,3.32418416077105,0.551523864179071,-0.675858591750851,-1.35893299493992,1.28411168571798,-3.38827002479419e-14
41.250083977266,15.5224445928799,-0.0469382455340698,16.9673481743023,-1.06217650254602,-9.6115212696078,5.81591375001653,14.3032293960483,9.50325642522135,1.92753535828782,-19.4394034784025,-0.385730599941804,-0.616244811497215,0.78540957902629,11.9693959575456,-6.93331754230219,-0.162861221844394,-0.415177335373295,8.84570081645732,-2.19311792866755,3.14906941622501,4.85452343155029,1.29099699381337,-0.400763641733498,4.09315278251155,-0.601008474734948,3.32350686973248,3.11231365091775,-4.81535197595655,-0.644270174172495,2.95449861294978,-1.44758598866572,-5.46637401639636,-2.01999931454021,0.453433188474996,5.07029502275492,-1.14393814034702,-4.45666543878087,-0.16080717256125,0.658285887233149,-12.2485968076688,5.27823376751921,-2.04239578300307,-4.13313783650862,9.06464756734724,2.62762822525906,0.0396603173562321,-5.53480419461679,-0.467752286999724,2.79252818433261,-1.04227461092254,-1.03793140972044,-7.34182710537904,1.15374942235625,-3.56972096968421,-3.03160169165878,1.57663132265409,1.09680415505764,0.0469935365875817,-5.11743425413158e-14
48.7336896747128,14.654552608712,-4.21908483071816,-19.0636744725459,4.50457563889839,-6.21729645728797,3.61981535525615,10.5945545844324,-6.04781040230983,1.07992765058253,-5.19999104340914,-1.08044664568646,-1.05610549447147,3.45932347137944,-4.03710318372492,4.79742515472771,2.64558275577297,-0.144614397350752,-3.08066879060388,-3.27135643280819,0.997397349805339,-2.09722733799385,-1.58928942220009,0.305658830070894,3.09125172666454,-3.08546915672843,-0.349723269426861,-0.569243192579926,2.27107520696394,-0.0609459048643565,-0.610009193627089,0.510479617926178,2.17877482053476,-0.970511804759136,0.669222634256332,-1.05472473955482,-1.32585811273707,0.505525911701507,2.97971526766316,0.960820967460358,-2.1293040731842,-4.23724176775253,2.29157466970988,4.99356740885001,0.786933707756269,-2.83164979469229,-1.51015968523881,-6.36854667068858,-0.168685518013435,-1.84171008264917,-3.61644724803094,-9.83186171600996,-0.777621424329249,-0.247755045615773,-2.38633531995297,7.48615510707406,-2.32290747028489,-9.82856523665612,1.67521755727465,-1.58633956665044e-14
46.0813876152179,40.3906162263248,-24.106320982014,-24.7967205334994,0.288739296379655,-0.056499470311573,10.4441856561697,-9.87287706560681,4.05840615640593,-6.87353863330316,1.30639348941265,-1.40294761227203,4.86917539005008,-5.64580854910358,-4.88076424694673,-7.12595200395406,-5.09829685524447,-4.27937389406381,-12.4865416052947,8.19566714636967,2.33407682569839,-1.16050930427975,9.61279283486665,0.468347968033981,-2.66870926942157,-8.09485471795498,1.16222825759173,-3.60058692866628,8.71697860686809,9.90186910525277,1.21089335188448,-7.21531807930469,8.50068209811736,-9.61029036921023,-4.9627321466904,-6.4216828932133,-2.84830763889004,-10.2404659508945,-7.00628285548394,-2.22242108408129,-1.704173544097,6.06607975397613,-2.19247268086666,0.726300430065022,0.597624426489347,0.468990621784781,2.60789097450034,-1.54356567326713,1.37533819387998,-2.02646061654423,-2.88948404109218,2.06807596918772,1.88615367535693,-2.62490088394772,-1.08422079847925,-0.956255920583005,0.805350447508547,0.697528604104426,-0.24627207112184,-2.09554595897998e-14
53.2046190664983,-5.65092789774169,14.4969826447593,-5.01517049103719,-3.14873662648055,0.410337207188824,8.09774382812958,12.7602537781954,-5.61529645381411,2.92223125694634,-2.45992310072675,-3.35612297728644,-8.25210563903082,3.79368247769456,-5.06391706048282,7.5628956622953,1.08808744429929,0.00326755346801378,3.98635146353164,-3.99235415751201,-0.46479043628258,-5.57820638171141,-4.83418410383788,-0.563453989753285,-2.66216002589284,4.35911878316078,-4.83157880000558,0.210202640097951,-4.32151620647466,-1.82458450117782,-1.06070411500812,1.82162044234251,-6.04397470753508,3.56776344802662,0.882679288743622,-1.1165344389652,0.901161133922014,-4.92957929790428,2.0438388374344,-0.169486471264379,-1.40394520007239,4.71372444349946,2.0542276839004,-1.40982144314252,-1.35246846851815,-3.98206602526474,-4.28331830470666,-4.74882505378535,-3.08961010358402,-3.83628893502681,-1.42896064686397,8.87363944938351,6.73626701682566,-6.00254061973074,-6.19428494625135,2.94021415235304,-4.32572377898021,3.44785682809418,-0.813344665369452,-2.03903734175004e-14
29.2232455273292,43.5701153107735,-25.7606537588168,-24.8408143343771,13.7561036800741,29.6596094289684,16.7485891636005,13.6199120490347,17.3441745034239,14.7357607753964,0.0667481194206688,-10.3136715996878,-1.22245505558463,-3.87015507615888,-5.12529151829219,-22.0161307909423,-7.21990993567942,-2.989303350851,-2.6476657766471,5.95014894730322,2.86070254658228,4.5149824020033,7.86358509440667,5.59258809784003,-10.7658768481369,6.54310294336498,1.11766981837991,1.91559728683096,-9.51429135186946,3.98354519653455,-1.22258065602182,4.94409757837106,-0.353312668765531,5.68792030610005,6.72894010384028,7.92284252247089,0.0704777588955651,5.7227120463133,0.822202164464835,0.0857977003510847,3.71192624929393,-1.84868282644231,-0.197934199299082,1.90544892670419,-0.910252206707906,-0.388745511967683,-1.91113188262597,0.48112114017732,-0.489346596358562,0.577849318125452,1.57945861532828,-0.397433410922505,1.20930461705252,0.203130785973537,0.312482097423796,0.284116278040548,0.773870951705309,0.210821318164767,0.331961597657984,-3.89965837399586e-15
56.8727386637947,2.51747980467806,4.92693158545192,-25.1645043840277,1.25843818324248,8.31992527863883,9.39352203493566,12.9415663329041,-2.88164881210368,0.14183350652591,0.0458721369712371,-0.338981965303793,-5.02727527674015,2.41092305552797,-9.15887391011694,8.27711349855448,1.42801030874295,5.23960553357115,2.08097212447054,-2.24886384464637,1.22756177078836,-5.3624357787623,-4.74889672947782,1.31213503756501,1.64279967028141,0.293343859149886,0.335341281013062,-1.46702895973043,0.285430966975134,-1.53076238834415,-1.36564457944414,2.57304210474815,-2.50518077509019,-0.281168223829085,-6.07800231648268,-7.075069678971,3.21298987965754,-2.10098876323782,-2.04481030102281,1.92860719054586,0.459334419294944,5.75337057117344,-3.55773298515641,7.19207339518954,0.836740423595577,-4.55100698432938,-1.4642431685583,-1.088477598418,2.56271806557266,8.00576338055829,9.77423717185178,-0.160914429228141,-2.40944300396624,2.39597708942983,6.09478720373919,-4.13668553624414,-3.67727779811794,-0.076597897712187,0.56704319264762,-3.7920187823115e-14
40.6362494666354,6.30206848836721,6.26702228499698,17.7178949258711,-21.9859535230337,-3.1260233187819,9.73637679945668,-18.2179137461455,-6.17948866425456,-6.13109356725826,6.58559671092925,3.02657767364286,5.85223577323251,-5.14399046207642,0.299661960837141,0.645540245213703,-5.92348791774268,1.80975062222397,4.03425186006882,5.00346396563196,3.22492779715836,2.02168380490295,5.72445995025453,0.246475614184773,1.3438187746396,5.21642868553878,2.81144472223222,0.520480690825943,-3.42948397046085,-1.56777776721616,-2.7030945670244,-0.187409772830579,-6.19083287406285,1.87211021143368,-0.630714704263335,2.1060363569102,1.71939298464414,2.11243906813232,4.48461450495982,2.59385684331974,-4.28759242519497,1.61894045263732,-1.94114805079456,2.15850741277397,4.14947920379356,-2.3536086334769,0.449420941659144,4.43135772639975,4.42763744940079,-1.04357467132878,-3.29925205201419,-0.0573936320347146,9.89911196332277,4.0930355853891,-1.5258837793964,-6.9981667833096,-1.72215102006865,-6.33825261873038,-0.459392833248684,-2.85171192215827e-14
29.7083481548108,-18.6824610849017,18.9200889199384,7.20100613593674,-7.87344855283814,16.5046914430208,-10.9155451784877,-4.99694596813166,-6.39621243593703,-1.99359878738721,8.28287983487533,4.85954751183391,-1.58455766084681,-1.32493289343395,0.190869313956421,-1.7083444263304,2.80420441013379,2.52112237548179,0.101695242578999,0.122763425763674,-5.44932493547284,-1.53999120521474,0.384780753422981,3.80137536395112,-2.09355171802813,0.615935058004725,4.76213541831167,0.181280809838131,-0.520536063435941,1.17497238505543,-2.58606063898922,3.30831531477648,0.780293188557042,4.07871863596958,-3.70292444107913,0.109516114231741,-3.44348456332855,-0.0338819198748333,-0.916635930948626,-4.21313069108316,2.30012082342491,1.05395853095391,2.80237433427863,-0.614275081643364,-2.66197702339605,3.15283404328938,0.860551388587931,-0.816503945559615,-5.33704468830732,5.38637447236341,3.57403857067135,2.33710576686779,-2.52787667876223,-8.81191028235715,-3.929293919648,-4.0799963506074,7.17564728707765,-7.85911954352378,-0.361843316685522,-2.54189030934882e-14
36.2087513062385,-15.2589406688069,22.9539910077507,10.4040027823065,-13.3310037635553,7.02126823742728,2.39574636123815,-8.14434350744721,-1.33870853332161,4.31068695935834,6.26881962248475,-2.16472628280136,7.82076109089019,-2.84428195863442,1.09406270607904,0.0973028078413233,0.880850468464997,-2.24293716357455,-0.524669983346859,-0.25594491328125,-0.067768837527992,-0.129378423055125,-3.14384512515904,-0.78943283951092,-0.556213201366415,2.16873162538118,-2.67851878129858,2.41013845361241,-1.3689396072962,-1.30751857016854,0.871030514196,0.230845462380753,-1.66623906192151,-1.0969676591921,2.45571383470409,-0.0800026201533085,0.115108729041812,1.36150611686964,-4.00801874510114,1.37157936128472,1.51575848149052,-1.45082757745204,-3.41879372419627,0.581799612634759,0.14440940247683,-7.37490551671073,5.90378664239206,1.52531089433243,1.00637460191296,3.52977629099956,-4.54556090863796,-0.123926094159424,-1.79306054254165,-2.22764307929101,-0.860085641634937,1.4673833339755,1.51960662109697,3.42969072703928,12.2033481954599,-5.1082402197089e-14
34.3439433329876,10.9525322753356,-1.05432571189802,13.6573029259715,-23.6943272866362,8.72384951823921,2.3182001073221,-16.8328395747244,-15.3335357091432,-8.56356254539664,10.5829826597282,0.925068473281323,-0.474519049157661,-3.02440861013396,2.97206811186417,-3.83680258824629,-9.58661009010951,1.34408486598643,1.68008310374125,7.95301439976972,3.24934335082259,3.36281388829674,7.23068436473936,0.819981805255585,-0.12029595648912,3.53032882316068,8.27812663078032,0.722169672321606,1.70393487199741,-0.789214946768388,-2.44327076607292,-2.62243205327274,-4.39018080614455,0.373762526094104,-5.92540284293257,-3.34982803092304,3.18433659547161,0.112077569194361,6.54730959455233,0.901998428819515,-1.19555258194903,-4.63105572205172,2.33574075420907,-1.11428779622907,1.3285184921973,5.89017377347018,-3.1110910701595,-8.16676596463158,-1.97232647013138,-1.71884734313883,5.75791810212659,2.54710897826877,-0.808348347092718,3.16168113377563,3.75072214608189,7.04563257887492,1.99070641227001,2.65863548354569,2.14115328264355,-2.44873565868886e-14
38.3747453129718,11.1908213008981,-1.08885108758923,-0.251524277782438,-6.29393580898424,-12.6414424684165,-7.8404630786517,-20.1152204168309,-1.85681887755109,-5.48073444062044,0.941303399302229,2.75797749049873,9.30133755620072,-2.23573674229364,8.17030796207464,0.260571880776737,1.72868525289388,-6.14938707612062,-8.48610425378684,2.32691463199229,0.969102430238312,0.373427026303569,2.01203843451697,-4.4683651149069,-0.623668553700746,-3.5966654825024,-0.208861103273176,-2.18162558163913,4.91672018009652,0.663705313750625,3.62247094630966,-0.744915934582119,2.13710212474974,-0.298839905974261,5.94423374789431,3.4966666066757,1.1759117252718,5.25894628237872,-0.945582117801442,5.26266685077873,6.69890093209798,-6.45752736551433,-0.13352679134334,3.45488129282989,-2.43084825458228,-3.54095929003415,-5.84816262357146,-4.55475976339523,-5.19626180898629,4.32122576292908,0.797524057855151,0.322469848421637,-4.30163604185431,2.09758052835357,-6.64055723241962,-4.69241598603765,-5.57156485951558,2.75386405394694,-2.43381747266404,-2.32513661102551e-14
13.1689949355948,-16.1759184986712,9.05346814676283,12.5868644411656,-6.88976067866247,4.04696613143011,-9.25935219788424,-0.17797283485886,-3.50375330575934,8.1703999635757,-0.212977566540782,2.98802465645061,-5.70064708951113,-6.57157614984774,6.8747365595105,-10.4000833208421,12.1622024061203,3.65279835743765,-5.02448841090893,-2.82872113830341,-3.46040177067471,-2.69145389079425,-0.378706986847318,-3.86699387640236,4.86412139070322,-0.553459294545897,-0.601268911625792,-0.900108425959417,-2.48438942773944,1.35056542431012,1.39911029992192,0.535416227666482,-1.14396921844587,0.465762062469395,-1.82625168064608,5.23822777924816,-13.3634848861428,-8.9567345074426,6.86521318792982,-4.58846541968607,8.73243250236181,-2.08286183807046,-0.912733793212115,6.82093887733394,1.87022552626166,-1.02475396525881,-0.805318546146085,-0.155798418103632,10.8573157256587,-3.92252749221735,2.27027621905797,1.50709015040603,-2.12547196681482,1.3105058714491,-1.42187899806991,0.409891575688521,0.0750069013422228,1.17999068677677,-0.620827399826863,-2.05252481677576e-14
36.3636494059404,1.58219535355077,6.83577142990687,15.411858307313,-2.02642411191617,-5.03712422305362,-10.6477391974399,8.53643111657589,12.0490275704732,-4.90863619387237,-11.8959040355946,4.24285285523415,-2.66075424326919,-1.36008565172206,16.2512286764524,-7.55580131569797,1.78988995307363,3.66573209927768,5.74562485233614,-0.26180155809003,-5.85708052906987,3.27807855152169,-0.67963240847575,-3.34605380185725,3.07347176147737,-1.15386637098496,3.98948733818892,3.23449373665112,-2.19929562435014,1.28426670380875,5.79022482371644,-2.35812093474134,-0.725209044112075,-5.33823793290672,-1.76421805613092,1.83783851614608,-2.56210153157979,-2.64688566112594,-1.50797938175236,-3.77301327350672,2.91815364630888,-0.197176954278369,2.28150414378769,9.04376559906491,-2.43041619271197,2.69794291533386,0.750432221293521,3.25773715274511,-10.8763325770285,1.35932128270249,-2.96913662046925,0.300811465083458,5.64766595185682,-0.301003763404694,7.36764137865789,0.821770770000972,-3.469462722548,-0.226188521174394,0.84829031230437,-2.44058245835177e-14
20.0469322109501,-18.9380755573672,29.1054100927449,0.146325298275409,5.40836537697172,18.2210325682417,-17.7522321872163,2.37384821161999,14.0256123190815,1.13894728221766,1.89372665617465,-1.92740065182608,4.59940180973158,-6.05011927820381,-1.52759049106345,1.92779507683467,9.03224024975115,2.2694188485775,-5.13183643877047,-0.181816013905363,-5.87270859876208,1.9186323029245,-1.43935233184907,1.86927480771243,-3.11935533106783,-3.39380762047369,-1.53094031450756,-2.40159603303634,1.96138451645554,2.49909792242436,-3.33418341681214,2.3680121978978,3.58359019578825,-5.40569033442919,-2.25284560410633,1.50374549288998,2.58487880711908,6.36282672487931,0.220498191919462,5.25237394431442,-2.78509437018763,8.73423872940979,4.25397732571045,-0.615088453592599,0.564316823605525,-0.172448093805391,-1.2670145599996,2.96619829888623,-3.38495249273306,-11.5667443890867,2.85945703881884,3.94417638840254,-4.54560427672436,5.78657023033591,-0.723125820306644,-0.644252023081895,-1.24682303331581,-2.7034909856247,2.57479447123422,-2.4461335734749e-14
35.1528060862366,1.79615437887972,9.07669108152107,1.69158836855063,-11.655686176899,19.6035569929827,-2.16857923976025,-0.0333869311224248,-2.39833612960796,0.0253041775986684,7.68985036924486,-0.277043725565626,-0.290552727185357,0.818551642188045,-0.670553192790779,-0.718162775078571,-2.29522460014004,3.76114909594504,2.93302758995747,-0.000210974280047951,-0.740128916184415,3.67504350132779,-2.18546264890156,0.706161239840818,0.421290311288149,4.96791298510624,4.77957061424682,1.39963593768127,0.635137786201949,-4.10385183952791,-1.45286666568059,1.27225435350256,2.22716758686397,0.389740096680456,-3.46757487458781,-3.12588954900604,1.72641227304749,3.97132557191332,-1.37711244096947,2.37659124484218,0.644454876820371,0.12646956008807,-1.15627138744994,-0.418662717128155,1.18963153994796,11.0910096419401,0.597353315393238,4.19092742830527,4.22926131378212,-3.51317010799469,-2.98466055802002,-6.48478024821175,-3.75565261096563,-8.76811009921622,-0.230478905156983,-1.55332449644502,-8.4772847508082,3.31808689415433,-1.09149656952804,-3.6801724861979e-14
41.0539353162425,2.16485490706559,22.5017763027537,9.73607852551596,-5.82546945702382,11.7589203730163,-8.17537486354271,11.797465460947,13.6572423228765,8.81204884802114,-8.76882061312689,-3.16690223513588,2.82685650162911,-1.26420862325302,12.3533612211231,-4.81063183341222,-3.5388322737971,-1.84817208426668,6.21960907367742,-1.34654533401882,2.57200533827673,3.48512093233504,-8.00273095441836,-4.4255981113916,2.54400987289178,0.0804216476480053,-1.24648393633139,-1.17387920303595,4.12805786813202,1.36294157175051,4.05955980633975,-8.21368052023384,4.760561655174,-7.62328957159686,7.81448433011986,-10.7713845660856,9.36132382105645,2.19881394171272,3.03543137199012,-2.1375390159748,-1.50907438289987,-6.02814392186867,-1.72949215747702,-4.29457593611321,-8.26944457471059,-0.153679727870889,-2.36135211203208,0.531829382962059,7.55007380503334,1.01299535813867,2.39277046073744,2.52162547845617,2.01571063131687,-0.535375630499543,-0.648906607932557,0.0233772561518084,2.04336633496384,-2.34438047396566,-1.00806161166114,-3.38618022510673e-14
9.69976636973987,-15.2333727869439,25.3601262078549,11.6434062064482,-5.49225043638754,25.3059323190527,-12.7534908260371,6.70953049937694,-2.01725178871383,7.85391877914118,7.8669618359137,4.15562027385759,1.96297696428585,0.0977840744042082,-7.96928574245596,-5.52821617788851,7.63818003305062,3.0182323315984,-2.09480262093268,-5.03326670617296,-8.64180347489511,1.45779600511417,-2.86855683653839,6.40139883695464,-2.36481100393977,-6.91497014870746,2.29564659732347,0.71365586572491,0.533602872031361,2.25162441737741,-3.52134841467579,3.98297700882937,8.19233857741295,3.37534274767663,-4.26971278152055,-0.805369208760792,-5.04303277340142,0.133310035518109,-2.03565932903198,-1.83205508408056,-4.59175836350958,-0.531681678947886,2.41751902014231,-7.25269108733798,-2.7202182765941,0.526124090631554,2.19506932404768,-6.02412420403536,0.296927968365431,6.64436492318629,-4.08770716178604,-3.56388986358419,5.88738711425427,7.14631474341024,-0.634169672601395,-0.114399159793768,-1.75992868046102,3.56646874322572,-1.95100215149775,-3.85854542761521e-14
38.9815150598043,-23.3899410118164,25.4125966517041,8.25936836739842,-10.5669597288765,7.20265937780932,-0.174791325157038,-12.3149819664266,4.95263026352757,-1.0658045762497,7.43480647630183,0.382066978835671,10.0393422771778,-5.4490005534809,2.41898426817166,1.70910088999398,0.727085798494882,-0.512050481726327,0.0322854451018411,1.61896657379173,-1.49228940938492,-0.988282524802202,0.130487915525376,-2.69933974740157,-1.44526399278363,5.94348493970501,-2.30345636419776,1.66087925026124,-4.53020136967267,2.68007476516763,1.16628672516417,1.05585230014348,-5.1908103484781,-2.69535129684576,1.27114701556699,1.30280099034245,2.45291505604198,1.92198761292056,-4.38930353083477,2.7191356634374,-1.854824157775,5.16300720134072,-1.14611082930056,3.0018563592084,0.522898773322539,-8.73071320882124,3.18802039711189,2.02596782050102,0.259105330957695,0.499757421012348,-1.49776094129642,-3.50574799738234,-2.66962729020128,-1.91139614078712,2.56349468802228,6.96453473973791,4.24673707921252,1.98707520893648,-8.97750865784415,-3.68403224593195e-14
